id,first_name,last_name,email,gender,job_title
1,Nikaniki,Tertre,ntertre0@wordpress.com,Female,Recruiting Manager
2,Rene,Jarvis,rjarvis1@wunderground.com,Male,Assistant Media Planner
3,Peggy,Piggot,ppiggot2@mapquest.com,Female,Systems Administrator II
4,Brandtr,Keller,bkeller3@t-online.de,Female,Marketing Manager
5,Aubert,Hadrill,ahadrill4@dropbox.com,Male,Analyst Programmer
6,Aldous,Bernardet,abernardet5@mayoclinic.com,Female,Nurse Practicioner
7,Dora,Langthorne,dlangthorne6@plala.or.jp,Female,Biostatistician IV
8,Maridel,Goodall,mgoodall7@npr.org,Male,Research Associate
9,Vincenz,Brushfield,vbrushfield8@nature.com,Female,Pharmacist
10,Donielle,Guisby,dguisby9@marketwatch.com,Male,Legal Assistant
11,Dall,McArdle,dmcardlea@free.fr,Female,Associate Professor
12,Douglass,Duguid,dduguidb@ed.gov,Agender,Sales Associate
13,Kristofor,Jozwiak,kjozwiakc@barnesandnoble.com,Female,Actuary
14,Myrna,Barden,mbardend@addthis.com,Male,Marketing Manager
15,Darice,Derle,dderlee@rambler.ru,Female,Editor
16,Alvin,Mallard,amallardf@google.com.au,Male,Legal Assistant
17,Maura,Bartleman,mbartlemang@simplemachines.org,Male,VP Quality Control
18,Vivianne,Ornillos,vornillosh@163.com,Male,Environmental Specialist
19,Jobye,Harcarse,jharcarsei@chron.com,Male,Structural Engineer
20,Ricki,Gurry,rgurryj@behance.net,Male,Recruiter
21,Jeth,Francombe,jfrancombek@goo.gl,Female,Analog Circuit Design manager
22,Ynes,Matzkaitis,ymatzkaitisl@ifeng.com,Male,Geological Engineer
23,Wade,Hane,whanem@amazon.de,Female,Marketing Assistant
24,Nikoletta,Pinilla,npinillan@theguardian.com,Male,Legal Assistant
25,Loreen,Karlolczak,lkarlolczako@pbs.org,Female,Quality Control Specialist
26,Pernell,Maidstone,pmaidstonep@quantcast.com,Male,Professor
27,Aldus,Yakushkin,ayakushkinq@lycos.com,Female,Account Representative I
28,Hal,Lacroux,hlacrouxr@blogtalkradio.com,Male,Occupational Therapist
29,Kippy,Hugill,khugills@artisteer.com,Male,VP Sales
30,Fleurette,McKague,fmckaguet@economist.com,Female,Senior Quality Engineer
31,Dwayne,Krook,dkrooku@wiley.com,Female,Systems Administrator I
32,Osborn,Bart,obartv@illinois.edu,Female,Staff Accountant IV
33,Evelin,McColley,emccolleyw@quantcast.com,Female,Geological Engineer
34,Brittany,Goodlud,bgoodludx@addtoany.com,Female,Web Designer I
35,Ansel,Duester,aduestery@lulu.com,Female,Professor
36,Fairlie,Aubray,faubrayz@huffingtonpost.com,Female,Senior Cost Accountant
37,Magdalene,Tembridge,mtembridge10@prnewswire.com,Male,Help Desk Technician
38,Sutherland,Prantl,sprantl11@facebook.com,Bigender,Technical Writer
39,Ira,Duddell,iduddell12@yandex.ru,Female,Recruiting Manager
40,Paxton,Trenholm,ptrenholm13@cornell.edu,Female,Web Designer IV
41,Kevin,Aleksahkin,kaleksahkin14@devhub.com,Female,Compensation Analyst
42,Franny,Rowatt,frowatt15@japanpost.jp,Female,Geologist IV
43,Ibbie,Whitters,iwhitters16@cargocollective.com,Male,Graphic Designer
44,Louisa,Ciccetti,lciccetti17@godaddy.com,Male,Developer IV
45,Amargo,Whinray,awhinray18@hud.gov,Female,Nurse Practicioner
46,Hewe,Bidnall,hbidnall19@opensource.org,Male,Chemical Engineer
47,Gabby,Heustice,gheustice1a@dell.com,Agender,Statistician II
48,Consuelo,Beckhouse,cbeckhouse1b@diigo.com,Female,Dental Hygienist
49,Tiffi,Marini,tmarini1c@freewebs.com,Male,Desktop Support Technician
50,Lowell,Ladlow,lladlow1d@hp.com,Male,Physical Therapy Assistant
51,Margette,McCullock,mmccullock1e@ocn.ne.jp,Female,Food Chemist
52,Margo,Swanbourne,mswanbourne1f@storify.com,Female,Engineer II
53,Kipper,Durston,kdurston1g@youtube.com,Female,Sales Associate
54,Prentice,O'Clery,poclery1h@google.co.uk,Male,Business Systems Development Analyst
55,Talia,Kinnear,tkinnear1i@hugedomains.com,Female,Account Coordinator
56,Darla,Kopisch,dkopisch1j@abc.net.au,Female,Analog Circuit Design manager
57,Saundra,London,slondon1k@myspace.com,Male,Speech Pathologist
58,Sinclair,Merrall,smerrall1l@slideshare.net,Female,Research Nurse
59,Tristam,Gadson,tgadson1m@buzzfeed.com,Female,Analog Circuit Design manager
60,Ilaire,Tudgay,itudgay1n@sbwire.com,Male,Professor
61,Wilona,Yuill,wyuill1o@cpanel.net,Female,Legal Assistant
62,Kennith,Guisler,kguisler1p@zimbio.com,Male,Recruiting Manager
63,Roch,Seres,rseres1q@indiatimes.com,Male,Structural Engineer
64,Modestine,Langlois,mlanglois1r@rediff.com,Male,Help Desk Operator
65,Shauna,Casson,scasson1s@pen.io,Male,Analyst Programmer
66,Janie,Brownsall,jbrownsall1t@sbwire.com,Male,Nuclear Power Engineer
67,Stefano,Pooke,spooke1u@google.com,Female,Professor
68,Josh,Trembath,jtrembath1v@bizjournals.com,Female,Administrative Officer
69,Julio,Elsop,jelsop1w@google.com.br,Male,Pharmacist
70,Rinaldo,Trower,rtrower1x@trellian.com,Female,Data Coordiator
71,Hew,Vasilchikov,hvasilchikov1y@shop-pro.jp,Male,Payment Adjustment Coordinator
72,Jessie,Rozanski,jrozanski1z@tuttocitta.it,Male,Speech Pathologist
73,Pet,McEnhill,pmcenhill20@businesswire.com,Female,Junior Executive
74,Guenevere,Falkinder,gfalkinder21@soundcloud.com,Female,Director of Sales
75,Anthony,Connerry,aconnerry22@usda.gov,Female,Internal Auditor
76,Rafa,Dayment,rdayment23@theguardian.com,Female,Occupational Therapist
77,Calley,Bauman,cbauman24@people.com.cn,Genderfluid,Marketing Manager
78,Kacie,Kittel,kkittel25@istockphoto.com,Female,Junior Executive
79,Megen,Leidecker,mleidecker26@skype.com,Male,Senior Quality Engineer
80,Meris,Rableau,mrableau27@1688.com,Male,Recruiter
81,Zabrina,Farndell,zfarndell28@e-recht24.de,Female,Structural Analysis Engineer
82,Helenelizabeth,Regelous,hregelous29@ucoz.com,Male,Health Coach IV
83,Brianne,Meachen,bmeachen2a@about.com,Male,GIS Technical Architect
84,Trudie,Wylder,twylder2b@soup.io,Male,Product Engineer
85,Nye,Mantz,nmantz2c@prlog.org,Male,Director of Sales
86,Antonietta,Dugmore,adugmore2d@nps.gov,Male,Junior Executive
87,Bone,Lindberg,blindberg2e@icio.us,Male,Technical Writer
88,Torie,Scandrite,tscandrite2f@example.com,Male,Graphic Designer
89,Merrill,Al Hirsi,malhirsi2g@businessweek.com,Male,Technical Writer
90,Lainey,Prendeguest,lprendeguest2h@delicious.com,Male,Health Coach I
91,Gayle,Scholey,gscholey2i@360.cn,Female,Quality Control Specialist
92,Evangeline,Matheson,ematheson2j@people.com.cn,Female,Automation Specialist III
93,Paige,Cudiff,pcudiff2k@paginegialle.it,Male,VP Accounting
94,Atlanta,Andrysiak,aandrysiak2l@dailymail.co.uk,Male,Programmer IV
95,Burk,Drabble,bdrabble2m@aboutads.info,Female,Project Manager
96,Kalil,Haycock,khaycock2n@deviantart.com,Female,Pharmacist
97,Aldrich,Fero,afero2o@merriam-webster.com,Female,Compensation Analyst
98,Lorettalorna,Franklen,lfranklen2p@illinois.edu,Female,Actuary
99,Papagena,Gubbins,pgubbins2q@cnet.com,Genderfluid,Staff Scientist
100,Kinnie,Mecozzi,kmecozzi2r@yahoo.co.jp,Female,Senior Developer
101,Ernie,Ramsey,eramsey2s@domainmarket.com,Male,Information Systems Manager
102,Gawain,Sausman,gsausman2t@csmonitor.com,Genderqueer,Pharmacist
103,Nicolas,Licciardiello,nlicciardiello2u@msu.edu,Male,Tax Accountant
104,Ricca,Moggan,rmoggan2v@drupal.org,Male,VP Marketing
105,Con,Larver,clarver2w@springer.com,Female,Research Associate
106,Lay,Toderbrugge,ltoderbrugge2x@ustream.tv,Male,Web Developer II
107,Garth,Coltman,gcoltman2y@yahoo.co.jp,Female,Quality Control Specialist
108,Nicolle,Whitehair,nwhitehair2z@java.com,Male,Help Desk Operator
109,Nikola,Muneely,nmuneely30@buzzfeed.com,Agender,Chemical Engineer
110,Arlen,Prattin,aprattin31@histats.com,Male,Environmental Tech
111,Janaye,Fumagall,jfumagall32@ucoz.ru,Agender,Graphic Designer
112,Reta,Langtry,rlangtry33@globo.com,Male,Senior Cost Accountant
113,Madelon,Rutter,mrutter34@wunderground.com,Female,Quality Engineer
114,Tobit,Knibley,tknibley35@twitter.com,Female,Junior Executive
115,Clare,Khomishin,ckhomishin36@state.tx.us,Male,Graphic Designer
116,Allyn,Mossop,amossop37@livejournal.com,Male,Internal Auditor
117,Dana,Duckerin,dduckerin38@rambler.ru,Female,Librarian
118,Rachele,Cant,rcant39@reddit.com,Male,Senior Sales Associate
119,Eada,Handyside,ehandyside3a@acquirethisname.com,Female,Budget/Accounting Analyst II
120,Francklin,Lattin,flattin3b@auda.org.au,Genderqueer,Physical Therapy Assistant
121,Leland,Houlaghan,lhoulaghan3c@census.gov,Male,Help Desk Technician
122,Waylin,Grundy,wgrundy3d@topsy.com,Female,Design Engineer
123,Herold,Cowey,hcowey3e@merriam-webster.com,Polygender,Administrative Assistant IV
124,Dorian,Mulran,dmulran3f@netscape.com,Female,Senior Quality Engineer
125,Darbie,Baily,dbaily3g@arizona.edu,Male,Nurse
126,Gilles,Faherty,gfaherty3h@princeton.edu,Genderfluid,Community Outreach Specialist
127,Brew,Haste,bhaste3i@springer.com,Female,Teacher
128,Hedwiga,Fuente,hfuente3j@scientificamerican.com,Male,Nuclear Power Engineer
129,Forbes,McLucas,fmclucas3k@utexas.edu,Female,Geologist I
130,Kalie,Culley,kculley3l@sciencedirect.com,Male,Product Engineer
131,Tate,Lamswood,tlamswood3m@sbwire.com,Male,Research Assistant III
132,Olga,Stucksbury,ostucksbury3n@columbia.edu,Female,Geological Engineer
133,Haily,Yearsley,hyearsley3o@webeden.co.uk,Female,Structural Analysis Engineer
134,Edyth,Axby,eaxby3p@netscape.com,Male,Software Engineer I
135,Aubrette,Mayho,amayho3q@istockphoto.com,Male,Help Desk Technician
136,Ly,Scimonelli,lscimonelli3r@meetup.com,Male,Computer Systems Analyst IV
137,Baron,Nattrass,bnattrass3s@gizmodo.com,Bigender,Business Systems Development Analyst
138,Christos,Haselwood,chaselwood3t@multiply.com,Male,Tax Accountant
139,Robby,Sandells,rsandells3u@umich.edu,Female,Environmental Specialist
140,Taite,Booy,tbooy3v@state.gov,Male,Staff Accountant IV
141,Maryellen,Nosworthy,mnosworthy3w@sciencedaily.com,Female,Community Outreach Specialist
142,Sascha,Gritskov,sgritskov3x@illinois.edu,Bigender,Sales Representative
143,Sandy,Van Arsdall,svanarsdall3y@artisteer.com,Male,GIS Technical Architect
144,Chelsie,Cavey,ccavey3z@statcounter.com,Male,Sales Associate
145,Lynnell,Surfleet,lsurfleet40@mozilla.com,Female,Occupational Therapist
146,Nike,Prestige,nprestige41@tiny.cc,Female,Account Representative I
147,Trudey,Ffoulkes,tffoulkes42@senate.gov,Female,Statistician I
148,Casey,Cotterel,ccotterel43@jiathis.com,Male,Assistant Professor
149,Alexandro,Spinozzi,aspinozzi44@reference.com,Female,Sales Associate
150,Rockey,Ruggieri,rruggieri45@epa.gov,Male,Database Administrator III
151,Ephrem,Yakunchikov,eyakunchikov46@comcast.net,Male,Staff Scientist
152,Renard,Elwyn,relwyn47@washington.edu,Male,Senior Sales Associate
153,Ambrosio,Middlewick,amiddlewick48@japanpost.jp,Female,Web Developer IV
154,Dorene,Krook,dkrook49@parallels.com,Female,Financial Analyst
155,Cathryn,Kelland,ckelland4a@go.com,Male,GIS Technical Architect
156,Giff,McFarlan,gmcfarlan4b@prlog.org,Male,Environmental Tech
157,Romain,Gotecliffe,rgotecliffe4c@pinterest.com,Male,Environmental Specialist
158,Helena,Bensusan,hbensusan4d@army.mil,Female,Geological Engineer
159,Danielle,Verrall,dverrall4e@princeton.edu,Female,Clinical Specialist
160,Doreen,Wyldish,dwyldish4f@cpanel.net,Female,Food Chemist
161,Brina,Cleynman,bcleynman4g@behance.net,Male,Business Systems Development Analyst
162,Lorin,Carmen,lcarmen4h@mail.ru,Female,Biostatistician II
163,Winna,Ainger,wainger4i@cocolog-nifty.com,Female,Analyst Programmer
164,Karry,Proger,kproger4j@mashable.com,Male,Chemical Engineer
165,Cody,Goney,cgoney4k@craigslist.org,Male,Occupational Therapist
166,Morganica,Marielle,mmarielle4l@oracle.com,Female,Quality Control Specialist
167,Giana,Dermott,gdermott4m@webnode.com,Male,Actuary
168,Natassia,Hellin,nhellin4n@vk.com,Female,Librarian
169,Henka,Fransemai,hfransemai4o@ifeng.com,Male,Assistant Professor
170,Helyn,Rogliero,hrogliero4p@hao123.com,Female,Tax Accountant
171,Jaclyn,Oley,joley4q@eventbrite.com,Male,Mechanical Systems Engineer
172,Eloise,Kort,ekort4r@baidu.com,Male,Web Designer IV
173,Mag,Gorling,mgorling4s@icio.us,Female,Internal Auditor
174,Mirabella,Jarmyn,mjarmyn4t@discovery.com,Male,Budget/Accounting Analyst II
175,Darbie,Crummy,dcrummy4u@addthis.com,Female,Account Executive
176,Randy,Cohen,rcohen4v@sitemeter.com,Female,Recruiting Manager
177,Oswald,Schimank,oschimank4w@miibeian.gov.cn,Male,Director of Sales
178,Granny,Scherme,gscherme4x@economist.com,Male,Compensation Analyst
179,Timofei,Kendal,tkendal4y@privacy.gov.au,Female,Editor
180,Nettie,Tenant,ntenant4z@homestead.com,Agender,Registered Nurse
181,Wynnie,Tucker,wtucker50@nbcnews.com,Male,Web Designer II
182,Garold,Shrubb,gshrubb51@hibu.com,Male,Software Engineer II
183,Nathalie,Kennet,nkennet52@xrea.com,Male,Office Assistant IV
184,Dulcea,Kimmings,dkimmings53@hostgator.com,Female,Sales Associate
185,Maren,Halling,mhalling54@google.pl,Male,Accounting Assistant III
186,Raf,Yanson,ryanson55@blogs.com,Female,VP Product Management
187,Oneida,Guerriero,oguerriero56@chron.com,Female,Senior Developer
188,Annette,Twell,atwell57@storify.com,Female,Account Representative III
189,Paige,Marquez,pmarquez58@fc2.com,Female,Assistant Media Planner
190,Madelena,Goscar,mgoscar59@shareasale.com,Male,Paralegal
191,Cherrita,Tripean,ctripean5a@gnu.org,Female,Staff Accountant IV
192,Beltran,Tivolier,btivolier5b@nih.gov,Female,Social Worker
193,Sib,Ellerby,sellerby5c@ted.com,Male,Safety Technician IV
194,Marwin,Clarey,mclarey5d@skyrock.com,Male,Marketing Manager
195,Viole,Maurice,vmaurice5e@comsenz.com,Agender,Operator
196,Helenka,Strangman,hstrangman5f@usatoday.com,Female,Teacher
197,Imogen,Ruddiman,iruddiman5g@alibaba.com,Male,Tax Accountant
198,Wylma,Harston,wharston5h@flavors.me,Male,Mechanical Systems Engineer
199,Cello,Garoghan,cgaroghan5i@topsy.com,Female,Editor
200,Therese,de Nore,tdenore5j@freewebs.com,Male,Systems Administrator II
201,Evelin,Mattys,emattys5k@cbslocal.com,Female,Environmental Tech
202,Tilda,Else,telse5l@about.me,Male,Staff Scientist
203,Erek,Risborough,erisborough5m@pbs.org,Male,VP Marketing
204,Flossi,Lamartine,flamartine5n@dell.com,Female,Internal Auditor
205,Hailee,Tompkinson,htompkinson5o@blogger.com,Male,Accountant I
206,Lavina,Filyaev,lfilyaev5p@google.de,Female,Environmental Tech
207,Jandy,Paolino,jpaolino5q@woothemes.com,Female,Assistant Professor
208,Mallissa,Wyatt,mwyatt5r@cdc.gov,Agender,Accounting Assistant I
209,Milli,Kettle,mkettle5s@bing.com,Male,Payment Adjustment Coordinator
210,Hinze,Bellerby,hbellerby5t@paypal.com,Male,Developer I
211,Hagan,Langman,hlangman5u@biblegateway.com,Male,Research Associate
212,Lexine,Bradman,lbradman5v@netvibes.com,Female,GIS Technical Architect
213,Kristen,McPike,kmcpike5w@psu.edu,Male,Speech Pathologist
214,Tate,Andersen,tandersen5x@examiner.com,Female,Statistician III
215,Holly,Warhurst,hwarhurst5y@engadget.com,Male,Professor
216,Giana,Flewin,gflewin5z@comsenz.com,Genderfluid,Administrative Assistant I
217,Olivia,Spellard,ospellard60@sourceforge.net,Genderfluid,Recruiter
218,Valene,Klemt,vklemt61@google.es,Genderqueer,Teacher
219,Shauna,Borham,sborham62@skype.com,Male,Social Worker
220,Rockey,Storcke,rstorcke63@edublogs.org,Female,Professor
221,Blondie,Nowakowska,bnowakowska64@nifty.com,Female,Information Systems Manager
222,Maureen,Littlefield,mlittlefield65@washingtonpost.com,Polygender,Environmental Tech
223,Elmira,Mynett,emynett66@pcworld.com,Male,Editor
224,Amory,Bargh,abargh67@geocities.com,Female,Legal Assistant
225,Allister,Don,adon68@ocn.ne.jp,Male,Operator
226,Burl,Sanford,bsanford69@rediff.com,Female,Senior Cost Accountant
227,Cari,Blenkhorn,cblenkhorn6a@intel.com,Female,Software Engineer III
228,Maurice,Hocking,mhocking6b@wordpress.org,Male,Executive Secretary
229,Jule,Josey,jjosey6c@yale.edu,Female,Occupational Therapist
230,Halsey,Warsop,hwarsop6d@indiegogo.com,Female,Marketing Manager
231,Lucita,Hardern,lhardern6e@blogspot.com,Bigender,Programmer IV
232,Ulric,Fain,ufain6f@ihg.com,Male,Clinical Specialist
233,Ed,Westcott,ewestcott6g@msn.com,Male,Operator
234,Berny,Lanney,blanney6h@economist.com,Female,Statistician I
235,Kay,Breach,kbreach6i@nytimes.com,Male,Actuary
236,Maxine,Huddart,mhuddart6j@photobucket.com,Male,Graphic Designer
237,Collen,Frankema,cfrankema6k@discuz.net,Male,General Manager
238,Tabbitha,Woodage,twoodage6l@kickstarter.com,Female,Senior Sales Associate
239,Wendall,Kingswell,wkingswell6m@histats.com,Male,Media Manager IV
240,Cissiee,Langdridge,clangdridge6n@sfgate.com,Male,Executive Secretary
241,Shoshanna,Dillow,sdillow6o@weibo.com,Polygender,Programmer III
242,Benedikt,Reddihough,breddihough6p@cbc.ca,Polygender,Developer III
243,Margaretta,Bramhall,mbramhall6q@hp.com,Bigender,Financial Analyst
244,Petronilla,Manuely,pmanuely6r@vimeo.com,Female,Help Desk Operator
245,Bess,Mullane,bmullane6s@pinterest.com,Female,Administrative Assistant II
246,Celestina,Lightowlers,clightowlers6t@usgs.gov,Agender,Senior Financial Analyst
247,Kane,Thorneley,kthorneley6u@t.co,Female,Tax Accountant
248,Keven,Rydings,krydings6v@youku.com,Female,Social Worker
249,Bathsheba,MacGorman,bmacgorman6w@gmpg.org,Female,Editor
250,Karyl,Pagitt,kpagitt6x@fda.gov,Female,Actuary
251,Ezra,Jolliman,ejolliman6y@timesonline.co.uk,Male,Database Administrator II
252,Bear,Dallemore,bdallemore6z@slideshare.net,Female,Business Systems Development Analyst
253,Blake,Cromblehome,bcromblehome70@boston.com,Female,Design Engineer
254,Jule,Cammack,jcammack71@weebly.com,Male,Data Coordiator
255,Felisha,Lundberg,flundberg72@un.org,Female,Community Outreach Specialist
256,Tracy,Mahody,tmahody73@gmpg.org,Female,Administrative Officer
257,Ase,Motto,amotto74@clickbank.net,Bigender,Quality Engineer
258,Axel,Webb,awebb75@quantcast.com,Female,Data Coordiator
259,Sonya,Mullane,smullane76@wordpress.com,Genderfluid,Human Resources Manager
260,Ferdie,O'Hallihane,fohallihane77@surveymonkey.com,Female,Structural Analysis Engineer
261,Marian,Gamett,mgamett78@chronoengine.com,Female,Professor
262,Noak,Whittet,nwhittet79@chicagotribune.com,Female,GIS Technical Architect
263,Vernor,Starbucke,vstarbucke7a@tripadvisor.com,Male,Human Resources Manager
264,Addie,Cloy,acloy7b@youtu.be,Male,Administrative Officer
265,Clifford,Lundy,clundy7c@ning.com,Female,Statistician III
266,Em,Chatt,echatt7d@bbb.org,Female,Sales Representative
267,Kirbie,Szachniewicz,kszachniewicz7e@studiopress.com,Male,Senior Financial Analyst
268,Arabelle,Allward,aallward7f@clickbank.net,Bigender,Software Test Engineer II
269,Joice,Stigell,jstigell7g@archive.org,Male,Biostatistician II
270,Giordano,Sexon,gsexon7h@usnews.com,Female,Accountant I
271,Ralf,Bridewell,rbridewell7i@addthis.com,Female,Nurse Practicioner
272,Laraine,Gyford,lgyford7j@fastcompany.com,Female,Social Worker
273,Godard,Ennion,gennion7k@furl.net,Female,Dental Hygienist
274,Mona,Muffin,mmuffin7l@webmd.com,Genderqueer,Account Representative II
275,Jammie,Gadman,jgadman7m@livejournal.com,Male,Dental Hygienist
276,Cosetta,Tustin,ctustin7n@shareasale.com,Male,Paralegal
277,Bradney,Tweedle,btweedle7o@cpanel.net,Male,Chief Design Engineer
278,Terrye,Scad,tscad7p@joomla.org,Male,Project Manager
279,Darren,Dawton,ddawton7q@linkedin.com,Female,Senior Developer
280,Alisun,Gretton,agretton7r@goo.gl,Female,Software Consultant
281,Carmina,Harvey,charvey7s@theatlantic.com,Male,Clinical Specialist
282,Miranda,Sevin,msevin7t@amazonaws.com,Male,Developer II
283,Ginger,Corradetti,gcorradetti7u@photobucket.com,Female,Chemical Engineer
284,Prescott,Wherrit,pwherrit7v@earthlink.net,Male,Administrative Assistant IV
285,Lucas,Nutkins,lnutkins7w@icio.us,Male,Community Outreach Specialist
286,Alisa,O'Lagen,aolagen7x@deviantart.com,Female,Director of Sales
287,Carolyn,Casellas,ccasellas7y@friendfeed.com,Male,Senior Developer
288,Jarib,Feathers,jfeathers7z@eepurl.com,Male,Research Nurse
289,Ash,Philipet,aphilipet80@multiply.com,Male,Associate Professor
290,Dennie,Oldfield-Cherry,doldfieldcherry81@tripod.com,Female,Senior Cost Accountant
291,Jamesy,Duester,jduester82@storify.com,Female,Sales Representative
292,Aldin,Dolden,adolden83@mashable.com,Non-binary,VP Product Management
293,Catharine,Dayton,cdayton84@sfgate.com,Female,Chemical Engineer
294,Farlee,Esler,fesler85@shutterfly.com,Female,Graphic Designer
295,Dewitt,Gerold,dgerold86@guardian.co.uk,Female,VP Accounting
296,Willie,Alwood,walwood87@ocn.ne.jp,Polygender,Information Systems Manager
297,Charyl,Blanchard,cblanchard88@bing.com,Non-binary,Programmer II
298,Welby,Abbott,wabbott89@yelp.com,Agender,Mechanical Systems Engineer
299,Spense,MacGeaney,smacgeaney8a@usgs.gov,Male,Administrative Officer
300,Rachel,Clamp,rclamp8b@businesswire.com,Female,Statistician I
301,Ossie,O'Cullinane,oocullinane8c@so-net.ne.jp,Male,Pharmacist
302,Cinderella,Sibun,csibun8d@artisteer.com,Male,Accounting Assistant I
303,Darci,Enrico,denrico8e@imdb.com,Male,Recruiting Manager
304,Malia,Ros,mros8f@diigo.com,Female,Geological Engineer
305,Karalee,Bennis,kbennis8g@va.gov,Genderqueer,Research Assistant III
306,Humberto,Kingswell,hkingswell8h@europa.eu,Female,Technical Writer
307,Ruthanne,Tilt,rtilt8i@dot.gov,Bigender,Product Engineer
308,Kari,Bruinemann,kbruinemann8j@sakura.ne.jp,Male,Programmer Analyst I
309,Toinette,Storton,tstorton8k@wikipedia.org,Male,Accountant IV
310,Jabez,Kellar,jkellar8l@umich.edu,Male,Geologist I
311,Penny,Oloshkin,poloshkin8m@qq.com,Male,Accountant I
312,Ettie,Elldred,eelldred8n@stumbleupon.com,Male,VP Product Management
313,Anton,Mitchelhill,amitchelhill8o@people.com.cn,Female,Assistant Manager
314,Hill,Broschek,hbroschek8p@msn.com,Male,Environmental Specialist
315,Connor,Ciccottio,cciccottio8q@meetup.com,Female,Budget/Accounting Analyst III
316,Hunfredo,Cheyenne,hcheyenne8r@sogou.com,Male,Senior Quality Engineer
317,Danell,Buntain,dbuntain8s@myspace.com,Male,Help Desk Operator
318,Leandra,Binford,lbinford8t@sfgate.com,Female,Web Designer IV
319,Patience,Spendley,pspendley8u@ft.com,Male,Quality Control Specialist
320,Reine,Oxton,roxton8v@jugem.jp,Polygender,Quality Engineer
321,Cassy,Dmitrienko,cdmitrienko8w@guardian.co.uk,Female,Chief Design Engineer
322,Reggy,Josifovic,rjosifovic8x@engadget.com,Male,Senior Cost Accountant
323,Maggy,Calderon,mcalderon8y@squarespace.com,Female,Editor
324,Margret,Heatley,mheatley8z@cpanel.net,Female,Compensation Analyst
325,Cristabel,Lemery,clemery90@yahoo.co.jp,Female,Database Administrator III
326,Forrest,Walczak,fwalczak91@reddit.com,Male,Geologist III
327,Kaylil,Aitcheson,kaitcheson92@booking.com,Female,Nurse Practicioner
328,Maryjane,McNeely,mmcneely93@mediafire.com,Male,Analog Circuit Design manager
329,Lorianne,Perrelli,lperrelli94@ca.gov,Female,Senior Cost Accountant
330,Parrnell,Churchard,pchurchard95@nbcnews.com,Female,Information Systems Manager
331,Margarita,Eskriet,meskriet96@vk.com,Female,Staff Scientist
332,Johnnie,Lyfield,jlyfield97@example.com,Female,Biostatistician II
333,Sinclare,Kitchenham,skitchenham98@amazon.co.uk,Female,Software Engineer II
334,Charmaine,Ogan,cogan99@pagesperso-orange.fr,Male,Executive Secretary
335,Justis,Muschette,jmuschette9a@angelfire.com,Bigender,Chemical Engineer
336,Penn,Charles,pcharles9b@craigslist.org,Female,Associate Professor
337,Loutitia,Cours,lcours9c@amazon.com,Male,Staff Scientist
338,Val,Leele,vleele9d@msn.com,Male,Food Chemist
339,Bevon,Macguire,bmacguire9e@biblegateway.com,Male,Mechanical Systems Engineer
340,Roldan,Greenall,rgreenall9f@fastcompany.com,Male,Staff Scientist
341,Rutledge,Kadar,rkadar9g@naver.com,Male,Junior Executive
342,Christiano,Noden,cnoden9h@google.ca,Male,Safety Technician IV
343,Brinna,Dalrymple,bdalrymple9i@nyu.edu,Male,Administrative Assistant III
344,Tabb,Clemencon,tclemencon9j@hostgator.com,Genderfluid,Media Manager III
345,Rik,Gokes,rgokes9k@blinklist.com,Male,Account Coordinator
346,Rose,Staff,rstaff9l@ustream.tv,Female,Systems Administrator I
347,Erastus,Ingold,eingold9m@noaa.gov,Female,Account Coordinator
348,Dosi,Faivre,dfaivre9n@cmu.edu,Male,Assistant Manager
349,Skipp,Hayhurst,shayhurst9o@google.com.br,Polygender,Senior Quality Engineer
350,Valida,Portt,vportt9p@kickstarter.com,Male,Geologist I
351,Orbadiah,Michelotti,omichelotti9q@google.com.au,Female,Senior Editor
352,Alicea,Neilus,aneilus9r@latimes.com,Male,Electrical Engineer
353,Mallorie,Brothers,mbrothers9s@va.gov,Male,Associate Professor
354,Levon,Chaperlin,lchaperlin9t@wordpress.com,Male,Structural Analysis Engineer
355,Janela,Gricks,jgricks9u@stumbleupon.com,Male,Financial Analyst
356,Allegra,Dalliwatr,adalliwatr9v@acquirethisname.com,Polygender,Assistant Manager
357,Ramon,Simonetto,rsimonetto9w@eventbrite.com,Female,Environmental Tech
358,Jozef,Imesen,jimesen9x@vistaprint.com,Female,Engineer IV
359,Joline,Colloby,jcolloby9y@time.com,Female,Recruiter
360,Isaiah,Barff,ibarff9z@google.com.br,Male,Chemical Engineer
361,Boone,Damsell,bdamsella0@networkadvertising.org,Male,Administrative Officer
362,Hoebart,Glinde,hglindea1@miitbeian.gov.cn,Female,Actuary
363,Broddie,Snelgar,bsnelgara2@auda.org.au,Male,VP Quality Control
364,Leticia,Richley,lrichleya3@google.cn,Male,Assistant Manager
365,Pall,O'Fairy,pofairya4@ycombinator.com,Male,Staff Scientist
366,Yvor,Grellis,ygrellisa5@blogger.com,Male,Office Assistant I
367,Helyn,Tosh,htosha6@oakley.com,Male,Chief Design Engineer
368,Torr,Lambis,tlambisa7@gravatar.com,Female,Administrative Officer
369,Adelind,Krolak,akrolaka8@ca.gov,Female,Human Resources Assistant III
370,Jere,Barnham,jbarnhama9@prnewswire.com,Female,Biostatistician I
371,Kayne,Snelling,ksnellingaa@omniture.com,Male,Project Manager
372,Allx,Keinrat,akeinratab@oracle.com,Female,Media Manager I
373,Eda,Woloschinski,ewoloschinskiac@cisco.com,Male,Data Coordiator
374,Elbert,Edmed,eedmedad@sourceforge.net,Male,Professor
375,Dinah,Sisland,dsislandae@uol.com.br,Female,Community Outreach Specialist
376,Marvin,Goude,mgoudeaf@spiegel.de,Male,Environmental Tech
377,Dyana,Bowkett,dbowkettag@wunderground.com,Male,Geological Engineer
378,Gwen,Treadwell,gtreadwellah@feedburner.com,Male,Office Assistant II
379,Ingamar,Spellard,ispellardai@cnet.com,Male,Director of Sales
380,Wallas,Berthon,wberthonaj@photobucket.com,Bigender,Senior Editor
381,Gaile,Yarker,gyarkerak@tinyurl.com,Male,Paralegal
382,Fergus,Hynson,fhynsonal@webeden.co.uk,Female,Executive Secretary
383,Kenon,McGrouther,kmcgroutheram@icq.com,Male,Registered Nurse
384,Dino,Depka,ddepkaan@senate.gov,Bigender,Nurse Practicioner
385,Wrennie,Lawlance,wlawlanceao@blinklist.com,Female,Account Coordinator
386,Ofella,McGrail,omcgrailap@goo.gl,Female,Computer Systems Analyst I
387,Coraline,Coviello,ccovielloaq@bluehost.com,Female,Database Administrator IV
388,Ludovika,Durnell,ldurnellar@imdb.com,Male,Senior Cost Accountant
389,Ebony,Pace,epaceas@webs.com,Male,Occupational Therapist
390,Frederique,Gaskal,fgaskalat@intel.com,Agender,Chemical Engineer
391,Bonni,Marzella,bmarzellaau@soup.io,Male,Geologist III
392,Vyky,Mapam,vmapamav@spiegel.de,Female,Dental Hygienist
393,Dorry,Dumbare,ddumbareaw@sfgate.com,Male,VP Sales
394,Odie,Thor,othorax@angelfire.com,Male,Design Engineer
395,Marianna,Ethridge,methridgeay@biblegateway.com,Agender,Social Worker
396,Giffer,Clack,gclackaz@answers.com,Female,GIS Technical Architect
397,Davie,Venn,dvennb0@omniture.com,Male,Software Engineer II
398,Vida,Hessle,vhessleb1@liveinternet.ru,Male,Community Outreach Specialist
399,Arielle,Essery,aesseryb2@hibu.com,Male,Safety Technician III
400,Fredericka,Childe,fchildeb3@phpbb.com,Male,Computer Systems Analyst III
401,Dode,Cridlan,dcridlanb4@w3.org,Male,Paralegal
402,Reinwald,McArley,rmcarleyb5@acquirethisname.com,Female,Research Nurse
403,Adrien,Wadeling,awadelingb6@nasa.gov,Female,Administrative Officer
404,Bordie,Sowley,bsowleyb7@whitehouse.gov,Male,Accounting Assistant IV
405,Maryann,Gwilliams,mgwilliamsb8@trellian.com,Male,VP Sales
406,Amye,Champken,achampkenb9@comsenz.com,Female,Technical Writer
407,Maryrose,Gallelli,mgallelliba@addthis.com,Female,Account Coordinator
408,Cybil,Mosdill,cmosdillbb@pinterest.com,Female,Web Designer I
409,Ring,Azema,razemabc@usda.gov,Male,Structural Analysis Engineer
410,Georgianna,Gutsell,ggutsellbd@chron.com,Male,Human Resources Manager
411,Wallace,Kinnaird,wkinnairdbe@irs.gov,Male,Software Engineer III
412,Frazier,Swinn,fswinnbf@blinklist.com,Male,Database Administrator I
413,Vaclav,Fogt,vfogtbg@pagesperso-orange.fr,Male,Web Developer I
414,Burr,Brotherwood,bbrotherwoodbh@dmoz.org,Male,Product Engineer
415,Bendite,Lutman,blutmanbi@google.ca,Male,Analog Circuit Design manager
416,Richard,Janikowski,rjanikowskibj@flickr.com,Female,Accounting Assistant II
417,Lavinie,Snufflebottom,lsnufflebottombk@cam.ac.uk,Male,Recruiter
418,Idell,Dales,idalesbl@github.com,Male,Senior Editor
419,Darren,Muxworthy,dmuxworthybm@imdb.com,Female,Social Worker
420,Tani,Grimmer,tgrimmerbn@craigslist.org,Genderqueer,Developer II
421,Bathsheba,Muckeen,bmuckeenbo@pinterest.com,Male,Nuclear Power Engineer
422,Sybilla,Hairs,shairsbp@wisc.edu,Female,Assistant Manager
423,Forrester,Fussen,ffussenbq@mail.ru,Male,Business Systems Development Analyst
424,Domenico,Keegan,dkeeganbr@mashable.com,Female,VP Sales
425,Lamar,Yarham,lyarhambs@noaa.gov,Male,Research Assistant I
426,Darb,LeEstut,dleestutbt@wunderground.com,Male,Marketing Assistant
427,Sherwynd,Friedman,sfriedmanbu@fda.gov,Male,Tax Accountant
428,Giffer,Scadding,gscaddingbv@cnet.com,Female,Computer Systems Analyst II
429,Stacee,Sparhawk,ssparhawkbw@cloudflare.com,Male,Tax Accountant
430,Boigie,Eymor,beymorbx@earthlink.net,Male,Registered Nurse
431,Tucky,Blabie,tblabieby@pen.io,Genderfluid,Occupational Therapist
432,Paula,Cochrane,pcochranebz@abc.net.au,Male,Statistician III
433,Dorolisa,Worboys,dworboysc0@photobucket.com,Non-binary,Business Systems Development Analyst
434,Phoebe,Eginton,pegintonc1@edublogs.org,Female,Research Nurse
435,Ellyn,Brockhouse,ebrockhousec2@4shared.com,Female,Marketing Manager
436,Tibold,Kimmerling,tkimmerlingc3@i2i.jp,Male,Budget/Accounting Analyst II
437,Laney,Fashion,lfashionc4@wikispaces.com,Male,Chief Design Engineer
438,Janifer,Menichi,jmenichic5@theatlantic.com,Female,Electrical Engineer
439,Dewey,Siggery,dsiggeryc6@live.com,Male,VP Product Management
440,Ruthy,Crimp,rcrimpc7@amazon.de,Female,Social Worker
441,Margarete,Druhan,mdruhanc8@deviantart.com,Female,Health Coach II
442,Jeannie,Sharer,jsharerc9@msn.com,Female,Programmer I
443,Audra,Edens,aedensca@slate.com,Female,Desktop Support Technician
444,Keith,Sayce,ksaycecb@bloglines.com,Male,Safety Technician II
445,Sauveur,Grimmert,sgrimmertcc@chron.com,Male,Software Consultant
446,Dan,Cheesworth,dcheesworthcd@nifty.com,Male,Data Coordiator
447,Ritchie,Forsythe,rforsythece@hc360.com,Female,Software Test Engineer II
448,Tami,Maple,tmaplecf@purevolume.com,Female,Assistant Manager
449,Koren,Moughtin,kmoughtincg@scribd.com,Male,Accountant IV
450,Boot,Filchagin,bfilchaginch@unesco.org,Genderqueer,Software Consultant
451,Giorgi,Crosetto,gcrosettoci@moonfruit.com,Male,Developer II
452,Angelique,Morforth,amorforthcj@hp.com,Male,Accountant II
453,Otho,Laviss,olavissck@nyu.edu,Female,Account Representative III
454,Che,Eliesco,celiescocl@wp.com,Female,Research Nurse
455,Pet,Harrismith,pharrismithcm@hubpages.com,Male,Pharmacist
456,Pat,Esbrook,pesbrookcn@china.com.cn,Female,Structural Analysis Engineer
457,Alvy,De Michele,ademicheleco@goodreads.com,Genderfluid,Associate Professor
458,Rickie,Ealden,realdencp@sun.com,Male,Compensation Analyst
459,Lorrie,Plackstone,lplackstonecq@free.fr,Female,Senior Sales Associate
460,Kamilah,Founds,kfoundscr@webeden.co.uk,Male,Senior Editor
461,Gerladina,Tiner,gtinercs@cafepress.com,Female,Desktop Support Technician
462,Shayna,Sculpher,ssculpherct@netlog.com,Female,Programmer II
463,Oralle,Winram,owinramcu@vk.com,Female,Developer IV
464,Emanuel,Batho,ebathocv@mtv.com,Male,Graphic Designer
465,Carola,Goundrill,cgoundrillcw@google.com.hk,Male,Tax Accountant
466,Haley,MacIlhargy,hmacilhargycx@theguardian.com,Female,Project Manager
467,Coriss,Crow,ccrowcy@blog.com,Male,Research Assistant I
468,Jacqueline,Lightbody,jlightbodycz@wix.com,Male,Senior Financial Analyst
469,Wendye,Quartermain,wquartermaind0@homestead.com,Female,Electrical Engineer
470,Batsheva,Petford,bpetfordd1@pen.io,Male,Actuary
471,Georgeanna,Sheers,gsheersd2@forbes.com,Male,Programmer II
472,Simone,McLucas,smclucasd3@macromedia.com,Female,Cost Accountant
473,Noak,Pollastrino,npollastrinod4@webs.com,Male,Senior Cost Accountant
474,Godfry,Cousen,gcousend5@sciencedirect.com,Agender,Administrative Officer
475,Wallas,Seath,wseathd6@t-online.de,Female,Project Manager
476,Analiese,McTrustrie,amctrustried7@msu.edu,Female,Geologist IV
477,Levin,Stranger,lstrangerd8@devhub.com,Female,Chemical Engineer
478,Alfred,Labrone,alabroned9@marketwatch.com,Agender,Senior Quality Engineer
479,Winfred,Whelan,wwhelanda@statcounter.com,Female,Geologist III
480,Lothario,Tyreman,ltyremandb@storify.com,Female,Account Coordinator
481,Augie,Berdale,aberdaledc@histats.com,Female,Product Engineer
482,Jerome,St Leger,jstlegerdd@tripod.com,Male,Structural Engineer
483,Fifi,Matuszkiewicz,fmatuszkiewiczde@msn.com,Male,Pharmacist
484,Carlos,Trim,ctrimdf@cyberchimps.com,Male,Software Engineer IV
485,Waldemar,Pinckney,wpinckneydg@netlog.com,Female,Geologist IV
486,Olia,Aloway,oalowaydh@twitter.com,Agender,Financial Advisor
487,Robby,Nightingale,rnightingaledi@sciencedirect.com,Male,Accounting Assistant II
488,Pate,Guerin,pguerindj@seattletimes.com,Female,Quality Control Specialist
489,Field,Hudghton,fhudghtondk@xinhuanet.com,Female,Director of Sales
490,Reeva,Cornes,rcornesdl@a8.net,Male,Programmer III
491,Kissiah,Lathe,klathedm@nps.gov,Female,Account Executive
492,Federica,Leaton,fleatondn@ox.ac.uk,Male,Senior Cost Accountant
493,Henderson,Cotillard,hcotillarddo@state.gov,Genderfluid,Help Desk Technician
494,Junina,Siddele,jsiddeledp@sciencedirect.com,Non-binary,Automation Specialist II
495,Michal,Hebditch,mhebditchdq@nymag.com,Male,Clinical Specialist
496,Hettie,Clearie,hcleariedr@squarespace.com,Female,Project Manager
497,Michele,Bafford,mbaffordds@ucoz.com,Male,Computer Systems Analyst I
498,Libbey,Losano,llosanodt@sfgate.com,Male,Administrative Officer
499,Gavan,Tolotti,gtolottidu@wiley.com,Female,Electrical Engineer
500,Erasmus,Renbold,erenbolddv@miibeian.gov.cn,Male,Editor
501,Warren,Whaley,wwhaleydw@vk.com,Male,Professor
502,Cordie,Oriel,corieldx@hatena.ne.jp,Female,Help Desk Technician
503,Garrik,Frensch,gfrenschdy@samsung.com,Female,Human Resources Manager
504,Adriena,Yeardsley,ayeardsleydz@free.fr,Female,Biostatistician IV
505,Faunie,Blackborow,fblackborowe0@gravatar.com,Female,Nurse Practicioner
506,Staci,Lammert,slammerte1@chicagotribune.com,Female,Clinical Specialist
507,Joscelin,Bettesworth,jbettesworthe2@soup.io,Female,Senior Cost Accountant
508,Leeanne,Milligan,lmilligane3@irs.gov,Female,Web Developer I
509,Erik,Pierro,epierroe4@digg.com,Female,Environmental Specialist
510,Bernette,Nowakowski,bnowakowskie5@businessinsider.com,Female,Business Systems Development Analyst
511,Tim,Guiraud,tguiraude6@go.com,Female,Accounting Assistant II
512,Jada,Southernwood,jsouthernwoode7@pinterest.com,Male,Product Engineer
513,Courtenay,Guarin,cguarine8@sciencedirect.com,Female,Administrative Officer
514,Marissa,Geraldi,mgeraldie9@europa.eu,Male,Internal Auditor
515,Say,Chesworth,schesworthea@geocities.com,Male,Accountant III
516,Ula,Housbey,uhousbeyeb@linkedin.com,Male,Dental Hygienist
517,Cecelia,Heimann,cheimannec@xinhuanet.com,Non-binary,VP Marketing
518,Timmy,Folomkin,tfolomkined@blogger.com,Female,Biostatistician I
519,Blithe,Longthorne,blongthorneee@noaa.gov,Female,Accountant III
520,Barbara-anne,Salsbury,bsalsburyef@unblog.fr,Female,Geological Engineer
521,Myrta,Townsend,mtownsendeg@moonfruit.com,Male,Marketing Assistant
522,Jamey,Dahlbom,jdahlbomeh@hao123.com,Female,Sales Associate
523,Karine,Brogden,kbrogdenei@dyndns.org,Male,Marketing Manager
524,Burnard,Jereatt,bjereattej@google.nl,Male,Programmer Analyst II
525,Mikey,Pettyfer,mpettyferek@clickbank.net,Male,Biostatistician II
526,Mada,Leavey,mleaveyel@360.cn,Female,Social Worker
527,Kevin,Lightewood,klightewoodem@google.cn,Male,Information Systems Manager
528,Theresa,Strand,tstranden@printfriendly.com,Male,Research Associate
529,Raymond,Isaac,risaaceo@studiopress.com,Non-binary,Software Test Engineer II
530,Rianon,Kosiada,rkosiadaep@wufoo.com,Male,Pharmacist
531,Gianna,Bickle,gbickleeq@cargocollective.com,Female,Social Worker
532,Filippo,Dmitrievski,fdmitrievskier@amazon.co.jp,Female,Nuclear Power Engineer
533,Anabella,Winkle,awinklees@fotki.com,Male,Assistant Professor
534,Gizela,MacGauhy,gmacgauhyet@wiley.com,Female,Structural Analysis Engineer
535,Roxine,Fazan,rfazaneu@aboutads.info,Agender,VP Product Management
536,Normie,Quarless,nquarlessev@nifty.com,Male,Dental Hygienist
537,Margette,Bassill,mbassillew@who.int,Female,Dental Hygienist
538,Yolanda,Alejandro,yalejandroex@opensource.org,Male,Account Representative I
539,Cord,Dallimare,cdallimareey@meetup.com,Bigender,Marketing Assistant
540,Petra,Rubin,prubinez@bing.com,Male,Health Coach II
541,Myra,MacGovern,mmacgovernf0@va.gov,Male,Speech Pathologist
542,Betsy,Alexandrescu,balexandrescuf1@acquirethisname.com,Male,Geologist IV
543,Dulsea,Stickens,dstickensf2@prweb.com,Male,Occupational Therapist
544,Alphard,Mulchrone,amulchronef3@jimdo.com,Female,Administrative Officer
545,Birch,Beeze,bbeezef4@alexa.com,Male,Project Manager
546,Giffie,Gisborne,ggisbornef5@icio.us,Male,Assistant Media Planner
547,Hagan,Lornsen,hlornsenf6@cdbaby.com,Female,Paralegal
548,Kit,Rattrie,krattrief7@sina.com.cn,Male,Executive Secretary
549,Vivyan,Lemerle,vlemerlef8@gravatar.com,Female,Tax Accountant
550,Adrien,Epp,aeppf9@github.com,Male,Media Manager I
551,Modestia,Camocke,mcamockefa@tumblr.com,Female,Senior Quality Engineer
552,Dario,Worviell,dworviellfb@salon.com,Female,Safety Technician II
553,Valeria,Ingre,vingrefc@google.nl,Genderqueer,Human Resources Manager
554,Rafe,Etteridge,retteridgefd@tripod.com,Male,Food Chemist
555,Conan,Gravell,cgravellfe@github.io,Male,Social Worker
556,Peyton,Roussell,proussellff@cargocollective.com,Female,Senior Quality Engineer
557,Taffy,Dayer,tdayerfg@google.cn,Male,Accounting Assistant II
558,Caroline,Da Costa,cdacostafh@parallels.com,Female,Information Systems Manager
559,Joann,Andreichik,jandreichikfi@kickstarter.com,Female,Computer Systems Analyst I
560,Nora,Catley,ncatleyfj@microsoft.com,Male,Quality Engineer
561,Katerina,Albro,kalbrofk@hibu.com,Male,GIS Technical Architect
562,Lorelle,Tully,ltullyfl@accuweather.com,Female,Analyst Programmer
563,Barbie,Lough,bloughfm@canalblog.com,Female,Database Administrator III
564,Kathy,Spradbery,kspradberyfn@sourceforge.net,Male,Senior Editor
565,Emmey,Bello,ebellofo@sitemeter.com,Male,Senior Quality Engineer
566,Ray,Hellin,rhellinfp@51.la,Male,Registered Nurse
567,Neale,Highman,nhighmanfq@skype.com,Female,Paralegal
568,Arabela,Sperrett,asperrettfr@mozilla.org,Female,Web Developer II
569,Marylou,Roaf,mroaffs@baidu.com,Male,Account Representative III
570,Alvinia,Finlason,afinlasonft@gizmodo.com,Female,Structural Engineer
571,Sigfried,Pickerin,spickerinfu@google.com.au,Bigender,Internal Auditor
572,Stephan,Braz,sbrazfv@quantcast.com,Female,Paralegal
573,Amalle,Do Rosario,adorosariofw@taobao.com,Female,Software Engineer I
574,Madlin,Enrico,menricofx@washington.edu,Female,Human Resources Assistant I
575,Tami,Kopecka,tkopeckafy@w3.org,Male,Executive Secretary
576,Eddie,Cusick,ecusickfz@jalbum.net,Male,Recruiter
577,Gaspar,Stammirs,gstammirsg0@quantcast.com,Female,Compensation Analyst
578,Emalia,Chettle,echettleg1@alibaba.com,Female,Operator
579,Carol,Gier,cgierg2@hostgator.com,Male,VP Accounting
580,Karim,Charlot,kcharlotg3@xinhuanet.com,Male,VP Accounting
581,Olivero,Lidgard,olidgardg4@w3.org,Female,Senior Quality Engineer
582,Aimee,Livesey,aliveseyg5@statcounter.com,Non-binary,Food Chemist
583,Neddy,Tetsall,ntetsallg6@friendfeed.com,Female,Food Chemist
584,Nike,Janota,njanotag7@ox.ac.uk,Female,Media Manager IV
585,Roobbie,Snalum,rsnalumg8@alibaba.com,Male,Operator
586,Blancha,Sexcey,bsexceyg9@msn.com,Female,Librarian
587,Desi,Woolerton,dwoolertonga@statcounter.com,Male,Civil Engineer
588,Jourdan,Bleazard,jbleazardgb@blogs.com,Female,Assistant Professor
589,Gerty,Itscowicz,gitscowiczgc@microsoft.com,Female,Sales Associate
590,Jillian,Elgy,jelgygd@howstuffworks.com,Genderfluid,Geologist IV
591,Dyann,Maylam,dmaylamge@google.com.hk,Female,Systems Administrator III
592,Torrin,Holdin,tholdingf@aol.com,Male,Paralegal
593,Derrik,Stritton,dstrittongg@furl.net,Male,Senior Sales Associate
594,Ursa,Dunlop,udunlopgh@statcounter.com,Male,Cost Accountant
595,Nedi,Tarbath,ntarbathgi@livejournal.com,Male,Executive Secretary
596,Benn,Diegan,bdiegangj@google.ca,Male,Nurse Practicioner
597,Janenna,Baswall,jbaswallgk@google.it,Male,Environmental Specialist
598,Teresina,Puddan,tpuddangl@drupal.org,Male,Staff Accountant I
599,Harriette,Whiting,hwhitinggm@discovery.com,Female,Senior Developer
600,Ninnetta,Duxbarry,nduxbarrygn@furl.net,Male,Senior Editor
601,Gasparo,Peert,gpeertgo@loc.gov,Male,Editor
602,Willi,Gormley,wgormleygp@livejournal.com,Male,Food Chemist
603,Sara,Antonelli,santonelligq@issuu.com,Female,Senior Cost Accountant
604,Patten,Hackney,phackneygr@europa.eu,Male,Associate Professor
605,Cecilius,Hurcombe,churcombegs@google.fr,Female,Registered Nurse
606,Christabella,Purdon,cpurdongt@google.ru,Male,Account Coordinator
607,Glennie,Dukelow,gdukelowgu@github.com,Agender,Dental Hygienist
608,Herold,Avrahm,havrahmgv@scribd.com,Male,Environmental Specialist
609,Penelopa,Breckwell,pbreckwellgw@icq.com,Male,Food Chemist
610,Torrance,Fergie,tfergiegx@ucoz.com,Male,VP Marketing
611,Malchy,Matityahu,mmatityahugy@guardian.co.uk,Female,Developer I
612,Carlen,Egre,cegregz@chron.com,Male,Structural Analysis Engineer
613,Neville,Casseldine,ncasseldineh0@ask.com,Male,Structural Engineer
614,Emmalynne,Seyler,eseylerh1@cmu.edu,Male,Health Coach II
615,Miner,Conford,mconfordh2@issuu.com,Female,Teacher
616,Caprice,Halladey,challadeyh3@sphinn.com,Female,Nurse Practicioner
617,Jamesy,Scrace,jscraceh4@trellian.com,Female,Senior Editor
618,Sashenka,Sauvage,ssauvageh5@ftc.gov,Male,Administrative Assistant IV
619,Mae,Mattedi,mmattedih6@dot.gov,Male,Professor
620,Liz,De Lacey,ldelaceyh7@dmoz.org,Male,Occupational Therapist
621,Avrit,L'Homme,alhommeh8@ft.com,Agender,Structural Analysis Engineer
622,Dew,Davidge,ddavidgeh9@telegraph.co.uk,Female,Web Designer IV
623,Willette,Brunnstein,wbrunnsteinha@a8.net,Male,Mechanical Systems Engineer
624,Kit,Worrill,kworrillhb@telegraph.co.uk,Non-binary,Automation Specialist II
625,Clarabelle,Botting,cbottinghc@illinois.edu,Female,Marketing Assistant
626,Rad,Whetnell,rwhetnellhd@nasa.gov,Male,Occupational Therapist
627,Terrie,Vankeev,tvankeevhe@reverbnation.com,Male,Librarian
628,Normie,Thaxter,nthaxterhf@123-reg.co.uk,Male,Food Chemist
629,Marybelle,Endecott,mendecotthg@xinhuanet.com,Male,Web Designer IV
630,Susann,Rochford,srochfordhh@gnu.org,Female,Food Chemist
631,Terry,McMahon,tmcmahonhi@telegraph.co.uk,Male,Assistant Media Planner
632,Arie,Tring,atringhj@google.it,Female,General Manager
633,Charlene,Accomb,caccombhk@usda.gov,Male,Nuclear Power Engineer
634,Annice,Bahls,abahlshl@ning.com,Female,Associate Professor
635,Zorana,Frenchum,zfrenchumhm@umn.edu,Male,Assistant Professor
636,Doris,Baguley,dbaguleyhn@imgur.com,Male,Payment Adjustment Coordinator
637,Verne,Skepper,vskepperho@utexas.edu,Female,Junior Executive
638,Sharai,Kubala,skubalahp@marriott.com,Male,Staff Accountant III
639,Wolfy,Cammacke,wcammackehq@illinois.edu,Bigender,Research Nurse
640,Ebba,Jedrasik,ejedrasikhr@engadget.com,Female,VP Sales
641,Fiona,Fenna,ffennahs@umn.edu,Male,Quality Engineer
642,Janine,Faley,jfaleyht@fastcompany.com,Female,Desktop Support Technician
643,Fayre,Kondrat,fkondrathu@unblog.fr,Female,Pharmacist
644,Francine,Arling,farlinghv@who.int,Female,Computer Systems Analyst I
645,Marie-ann,Vallery,mvalleryhw@state.gov,Female,VP Marketing
646,Wilden,Cutchee,wcutcheehx@europa.eu,Male,Graphic Designer
647,Scotty,Robinson,srobinsonhy@ebay.co.uk,Bigender,Statistician II
648,Morlee,Gomez,mgomezhz@deviantart.com,Male,Occupational Therapist
649,Elvera,James,ejamesi0@xrea.com,Male,Business Systems Development Analyst
650,Gage,Blazic,gblazici1@shinystat.com,Female,Project Manager
651,Rhianna,Cossem,rcossemi2@livejournal.com,Female,Director of Sales
652,Deina,Pharrow,dpharrowi3@oaic.gov.au,Male,Computer Systems Analyst I
653,Christophorus,Hasell,chaselli4@over-blog.com,Male,Project Manager
654,Arabelle,Myrick,amyricki5@springer.com,Female,Web Developer IV
655,Gabriela,Williamson,gwilliamsoni6@un.org,Male,Geologist I
656,Langsdon,Sycamore,lsycamorei7@omniture.com,Male,Administrative Officer
657,Penn,Bolley,pbolleyi8@ox.ac.uk,Male,Budget/Accounting Analyst II
658,Sidonnie,Candlish,scandlishi9@google.it,Male,Technical Writer
659,Giovanni,Besse,gbesseia@businesswire.com,Female,Director of Sales
660,Kelsey,Petrovykh,kpetrovykhib@myspace.com,Male,VP Accounting
661,Jobi,Speakman,jspeakmanic@sohu.com,Male,Office Assistant I
662,Barbabra,Daveley,bdaveleyid@hhs.gov,Female,Chemical Engineer
663,Raina,Hasloch,rhaslochie@angelfire.com,Male,Business Systems Development Analyst
664,Cecil,Dudderidge,cdudderidgeif@creativecommons.org,Female,Analyst Programmer
665,Calvin,Zoanetti,czoanettiig@netscape.com,Female,Financial Analyst
666,Robinet,Plumbley,rplumbleyih@comcast.net,Female,Research Assistant IV
667,Cher,Colclough,ccolcloughii@last.fm,Female,Quality Engineer
668,Rosalinda,Leadley,rleadleyij@netlog.com,Male,Data Coordiator
669,Mathian,Reeve,mreeveik@weibo.com,Genderqueer,Registered Nurse
670,Gustav,Dicken,gdickenil@storify.com,Bigender,Analog Circuit Design manager
671,Lion,Beslier,lbeslierim@businessweek.com,Male,Product Engineer
672,Dorolice,Awcoate,dawcoatein@t-online.de,Female,Nurse Practicioner
673,Vincenty,Ferroli,vferroliio@ihg.com,Female,Chemical Engineer
674,Klaus,Dyneley,kdyneleyip@wisc.edu,Male,Clinical Specialist
675,Melly,Miguel,mmigueliq@salon.com,Genderqueer,Desktop Support Technician
676,Hilde,Osinin,hosininir@reference.com,Male,Quality Engineer
677,Winifield,Luto,wlutois@themeforest.net,Female,Systems Administrator III
678,Marieann,Ranking,mrankingit@pbs.org,Male,Occupational Therapist
679,Ivett,Berrey,iberreyiu@disqus.com,Female,Compensation Analyst
680,Carolann,Attreed,cattreediv@123-reg.co.uk,Male,Human Resources Assistant III
681,Sherill,Mervyn,smervyniw@parallels.com,Female,Food Chemist
682,Timmie,Dowson,tdowsonix@cargocollective.com,Female,Quality Control Specialist
683,Kathryn,Seawell,kseawelliy@time.com,Male,VP Marketing
684,Madelene,Langman,mlangmaniz@sakura.ne.jp,Non-binary,General Manager
685,Joy,Phateplace,jphateplacej0@bluehost.com,Male,Sales Associate
686,Maxy,Copp,mcoppj1@mail.ru,Male,Account Executive
687,Wilma,Waslin,wwaslinj2@deliciousdays.com,Female,Social Worker
688,Noel,Tremblot,ntremblotj3@indiegogo.com,Female,Research Nurse
689,Brana,Leads,bleadsj4@skype.com,Female,Assistant Professor
690,Essy,Ohrt,eohrtj5@scientificamerican.com,Female,Civil Engineer
691,Sloane,Scogings,sscogingsj6@photobucket.com,Male,Database Administrator II
692,Paule,Marran,pmarranj7@usnews.com,Female,VP Sales
693,Micah,Rodinger,mrodingerj8@wordpress.org,Female,Account Coordinator
694,Gunilla,Esilmon,gesilmonj9@paypal.com,Female,Project Manager
695,Paddie,Eldrett,peldrettja@nydailynews.com,Male,Paralegal
696,Nonah,Lawtey,nlawteyjb@parallels.com,Female,Engineer III
697,Adrianne,Beardwell,abeardwelljc@globo.com,Female,Social Worker
698,Cherye,Kolin,ckolinjd@com.com,Male,Internal Auditor
699,Cecil,Badini,cbadinije@parallels.com,Male,Marketing Manager
700,Brooks,Suttell,bsuttelljf@discuz.net,Male,Senior Financial Analyst
701,Catie,Musgrove,cmusgrovejg@cisco.com,Male,Design Engineer
702,Even,Weddup,eweddupjh@scribd.com,Female,GIS Technical Architect
703,Moe,Laurentino,mlaurentinoji@slideshare.net,Male,Registered Nurse
704,Rebekkah,Kimmings,rkimmingsjj@hubpages.com,Female,Nurse
705,Lynsey,Jozef,ljozefjk@howstuffworks.com,Female,Occupational Therapist
706,Angy,Meek,ameekjl@nps.gov,Female,Developer I
707,Annelise,Hagard,ahagardjm@addtoany.com,Female,Web Designer I
708,Daryl,Iacavone,diacavonejn@angelfire.com,Male,VP Product Management
709,Rhetta,Keaveney,rkeaveneyjo@tinypic.com,Male,Chief Design Engineer
710,Zonda,Farfull,zfarfulljp@creativecommons.org,Agender,Librarian
711,Dena,Krauss,dkraussjq@g.co,Female,Librarian
712,Drew,Munby,dmunbyjr@behance.net,Agender,Database Administrator III
713,Diane-marie,Skudder,dskudderjs@senate.gov,Male,Web Developer I
714,Casey,Giacomello,cgiacomellojt@hatena.ne.jp,Genderqueer,VP Marketing
715,Courtnay,Marron,cmarronju@timesonline.co.uk,Female,Geological Engineer
716,Brinn,Vivians,bviviansjv@rambler.ru,Female,Associate Professor
717,Ginnie,Morales,gmoralesjw@51.la,Agender,Software Test Engineer IV
718,Jule,Lerego,jleregojx@nasa.gov,Male,Software Engineer II
719,Martin,Cockrem,mcockremjy@xing.com,Female,Senior Editor
720,Mac,Flewitt,mflewittjz@360.cn,Female,Senior Editor
721,Elvera,Camelli,ecamellik0@wikipedia.org,Female,Mechanical Systems Engineer
722,Hamlen,Morling,hmorlingk1@imgur.com,Male,Safety Technician IV
723,Waldemar,Aleksic,waleksick2@hostgator.com,Female,Web Designer III
724,Loy,Ceyssen,lceyssenk3@nytimes.com,Agender,Internal Auditor
725,Vyky,Zannetti,vzannettik4@example.com,Male,Senior Sales Associate
726,Patty,Comber,pcomberk5@baidu.com,Male,Compensation Analyst
727,Ariel,Salthouse,asalthousek6@bing.com,Female,Paralegal
728,Leola,Gradon,lgradonk7@discuz.net,Male,VP Quality Control
729,Salli,Arpur,sarpurk8@fotki.com,Male,Operator
730,Rudyard,Cherry,rcherryk9@timesonline.co.uk,Female,Web Developer III
731,Evin,Stegell,estegellka@arizona.edu,Female,Senior Sales Associate
732,Tuckie,Dulson,tdulsonkb@booking.com,Male,Cost Accountant
733,Hetty,Kirimaa,hkirimaakc@google.com,Female,Chief Design Engineer
734,Olwen,Kleinberer,okleinbererkd@columbia.edu,Female,Chemical Engineer
735,Shanan,Rembaud,srembaudke@wired.com,Female,Community Outreach Specialist
736,Drucy,Lanphere,dlanpherekf@typepad.com,Male,Nuclear Power Engineer
737,Vincent,Don,vdonkg@blog.com,Female,VP Product Management
738,Dorie,Stiling,dstilingkh@bbb.org,Male,Mechanical Systems Engineer
739,Georgeanna,McCoughan,gmccoughanki@digg.com,Male,Help Desk Operator
740,Nani,Houldey,nhouldeykj@drupal.org,Male,Social Worker
741,Betta,Bettison,bbettisonkk@exblog.jp,Male,Chief Design Engineer
742,Alissa,Collingham,acollinghamkl@topsy.com,Female,Civil Engineer
743,Darsey,Miskimmon,dmiskimmonkm@tumblr.com,Male,Financial Analyst
744,Ashley,Turley,aturleykn@instagram.com,Female,Administrative Assistant IV
745,Lorilyn,Ciccarello,lciccarelloko@webmd.com,Male,Biostatistician II
746,Rory,Ellice,rellicekp@apache.org,Female,Recruiter
747,Thane,Busson,tbussonkq@eventbrite.com,Female,Engineer II
748,Randy,Heinsh,rheinshkr@behance.net,Male,Graphic Designer
749,Claresta,Ilson,cilsonks@topsy.com,Female,Environmental Tech
750,Felisha,Akenhead,fakenheadkt@over-blog.com,Bigender,Research Assistant I
751,Quinn,Antoshin,qantoshinku@slashdot.org,Male,Accountant II
752,Romain,Greally,rgreallykv@jalbum.net,Female,VP Accounting
753,Octavia,Deeming,odeemingkw@icio.us,Male,Product Engineer
754,Belle,Dewsbury,bdewsburykx@cdc.gov,Female,VP Quality Control
755,Annabela,Beade,abeadeky@washingtonpost.com,Male,VP Product Management
756,Jillian,Orwell,jorwellkz@bbc.co.uk,Female,Paralegal
757,Conrado,Ricci,criccil0@netlog.com,Male,Media Manager II
758,Pavla,Skittrall,pskittralll1@livejournal.com,Female,Research Assistant II
759,Chloe,Riddle,criddlel2@businessweek.com,Male,VP Product Management
760,Antoni,Elcom,aelcoml3@hostgator.com,Female,Data Coordiator
761,Lacee,Daniele,ldanielel4@cpanel.net,Female,Cost Accountant
762,Rafaelita,Orpin,rorpinl5@furl.net,Female,Community Outreach Specialist
763,Jami,Darby,jdarbyl6@yellowpages.com,Male,Senior Editor
764,Kris,Monini,kmoninil7@freewebs.com,Female,Desktop Support Technician
765,Kiele,Mandal,kmandall8@home.pl,Male,Account Executive
766,Malina,Tasseler,mtasselerl9@google.it,Female,Paralegal
767,Corette,Syers,csyersla@gmpg.org,Female,Librarian
768,Nanon,Barthrop,nbarthroplb@flickr.com,Male,Financial Advisor
769,Florentia,Saurin,fsaurinlc@woothemes.com,Male,Nurse Practicioner
770,Devin,Martijn,dmartijnld@tiny.cc,Female,Web Designer IV
771,Lizabeth,Atton,lattonle@aboutads.info,Female,Account Executive
772,Justinian,Brumpton,jbrumptonlf@youku.com,Genderfluid,Editor
773,Blake,Virgo,bvirgolg@dropbox.com,Female,Human Resources Manager
774,Ula,Pafford,upaffordlh@deviantart.com,Female,Engineer III
775,Christean,Oakley,coakleyli@msn.com,Female,Environmental Tech
776,Camel,Luter,cluterlj@msu.edu,Male,Nuclear Power Engineer
777,Nanette,Luciani,nlucianilk@springer.com,Female,Teacher
778,Freeman,Barthorpe,fbarthorpell@vimeo.com,Male,Administrative Assistant IV
779,Staffard,Stoddart,sstoddartlm@intel.com,Female,General Manager
780,Charlene,Knight,cknightln@opera.com,Male,VP Product Management
781,Archaimbaud,Hansod,ahansodlo@yandex.ru,Female,Registered Nurse
782,Elaine,Mora,emoralp@cbslocal.com,Genderqueer,Operator
783,Orella,Pringer,opringerlq@g.co,Female,Senior Developer
784,Margaret,Amery,mamerylr@de.vu,Female,Media Manager II
785,Courtnay,Dampney,cdampneyls@technorati.com,Female,Geologist II
786,Ashleigh,Heale,ahealelt@last.fm,Male,Sales Associate
787,Beverly,Whelpton,bwhelptonlu@webmd.com,Female,Legal Assistant
788,Deloria,Pyrke,dpyrkelv@loc.gov,Female,Engineer III
789,Nils,Ingliby,ninglibylw@spotify.com,Female,Budget/Accounting Analyst II
790,Dennie,Fieldhouse,dfieldhouselx@fc2.com,Male,Research Assistant I
791,Ike,Todhunter,itodhunterly@wired.com,Female,Pharmacist
792,Kippie,Rupp,krupplz@scribd.com,Bigender,Quality Engineer
793,Cullin,Furminger,cfurmingerm0@blogspot.com,Female,Registered Nurse
794,Myrna,Halbard,mhalbardm1@furl.net,Male,Media Manager IV
795,Magdaia,Golsthorp,mgolsthorpm2@eventbrite.com,Genderfluid,Social Worker
796,Sibilla,Maylam,smaylamm3@netscape.com,Male,Internal Auditor
797,Izzy,Karleman,ikarlemanm4@xinhuanet.com,Female,Pharmacist
798,Karylin,Govan,kgovanm5@friendfeed.com,Female,Account Executive
799,Britni,Morgue,bmorguem6@youtu.be,Female,Health Coach III
800,Jennifer,Sivil,jsivilm7@ebay.co.uk,Male,Senior Financial Analyst
801,Esra,Goodenough,egoodenoughm8@1688.com,Male,Editor
802,Christean,Neilan,cneilanm9@sciencedaily.com,Female,Junior Executive
803,Kerby,O'Donnelly,kodonnellyma@rediff.com,Female,Senior Developer
804,Holly,Stother,hstothermb@deviantart.com,Male,Financial Analyst
805,Cornall,Seeger,cseegermc@theglobeandmail.com,Female,Software Engineer I
806,Pollyanna,Hoffner,phoffnermd@telegraph.co.uk,Female,Web Designer II
807,Garret,Maben,gmabenme@qq.com,Female,Social Worker
808,Diann,Wylder,dwyldermf@scribd.com,Female,Accounting Assistant III
809,Quintin,Blackmoor,qblackmoormg@cbsnews.com,Male,Compensation Analyst
810,Ianthe,Gorrick,igorrickmh@cisco.com,Male,Research Associate
811,Flem,Eccleston,fecclestonmi@naver.com,Female,Civil Engineer
812,Ainslie,Malyj,amalyjmj@weibo.com,Non-binary,Sales Associate
813,Carina,Gatlin,cgatlinmk@flavors.me,Female,Actuary
814,Raddie,Rosenbaum,rrosenbaumml@si.edu,Female,Structural Analysis Engineer
815,Eugenia,Derill,ederillmm@globo.com,Female,Electrical Engineer
816,Helaine,Plott,hplottmn@cmu.edu,Male,Social Worker
817,Lela,Pheazey,lpheazeymo@dell.com,Female,Health Coach II
818,Michell,Bendelow,mbendelowmp@xinhuanet.com,Female,Senior Financial Analyst
819,Ciel,Dalla,cdallamq@furl.net,Female,Research Assistant IV
820,Salomone,Veneur,sveneurmr@discuz.net,Female,Speech Pathologist
821,Nester,Pothergill,npothergillms@delicious.com,Non-binary,Accountant I
822,Thatcher,Bracknell,tbracknellmt@nps.gov,Male,Budget/Accounting Analyst III
823,Corinne,Canero,ccaneromu@quantcast.com,Male,Health Coach III
824,Hugibert,Tillerton,htillertonmv@mashable.com,Female,Pharmacist
825,Marietta,Chree,mchreemw@123-reg.co.uk,Male,Engineer III
826,Dolf,McIntosh,dmcintoshmx@chron.com,Male,Payment Adjustment Coordinator
827,Leonore,McCrillis,lmccrillismy@fotki.com,Male,Associate Professor
828,Ellissa,Esel,eeselmz@fda.gov,Male,Account Representative I
829,Helen,Woolmer,hwoolmern0@ovh.net,Female,Cost Accountant
830,Elsbeth,Bault,ebaultn1@salon.com,Agender,Data Coordiator
831,Hughie,Lofting,hloftingn2@opera.com,Male,Developer III
832,Janos,Mattiacci,jmattiaccin3@scribd.com,Female,Nurse
833,Tommie,Mattiessen,tmattiessenn4@nih.gov,Female,Staff Accountant III
834,Christie,Cuesta,ccuestan5@nba.com,Male,Electrical Engineer
835,Denna,Blackborne,dblackbornen6@jimdo.com,Female,Account Executive
836,Cara,Partner,cpartnern7@ocn.ne.jp,Male,Community Outreach Specialist
837,Ludovico,Stolli,lstollin8@yelp.com,Female,Software Test Engineer I
838,Auria,Heinke,aheinken9@tinypic.com,Genderqueer,Structural Engineer
839,Jaquelyn,Ventura,jventurana@zdnet.com,Male,Analyst Programmer
840,Gibb,Leeburne,gleeburnenb@163.com,Male,Senior Developer
841,Conant,Idiens,cidiensnc@photobucket.com,Female,Business Systems Development Analyst
842,Rhetta,Lorinez,rlorineznd@nationalgeographic.com,Female,Account Representative II
843,Monti,Illing,millingne@squarespace.com,Female,Community Outreach Specialist
844,Pierson,Philipard,pphilipardnf@w3.org,Male,Software Test Engineer I
845,Marji,Bartosik,mbartosikng@japanpost.jp,Female,Statistician I
846,Sheree,Keir,skeirnh@issuu.com,Male,Desktop Support Technician
847,Eveline,Klaessen,eklaessenni@smugmug.com,Male,Physical Therapy Assistant
848,Nappy,Prine,nprinenj@mail.ru,Male,Executive Secretary
849,Saundra,Brandi,sbrandink@state.tx.us,Female,Administrative Assistant IV
850,Renie,McNalley,rmcnalleynl@soup.io,Female,Structural Analysis Engineer
851,Kris,Speares,kspearesnm@hatena.ne.jp,Male,Human Resources Manager
852,Kare,Counihan,kcounihannn@google.com.br,Male,Payment Adjustment Coordinator
853,Aprilette,Gwilliam,agwilliamno@utexas.edu,Male,Chemical Engineer
854,Daisy,Brennand,dbrennandnp@nature.com,Agender,Registered Nurse
855,Cesaro,Bradie,cbradienq@wix.com,Polygender,Chief Design Engineer
856,Felizio,Garretts,fgarrettsnr@npr.org,Male,Quality Engineer
857,Rina,Vannoni,rvannonins@house.gov,Male,Analyst Programmer
858,Gina,Pales,gpalesnt@domainmarket.com,Genderqueer,Sales Representative
859,Ellsworth,Barnaclough,ebarnacloughnu@hhs.gov,Female,Software Test Engineer II
860,Odie,Dore,odorenv@theglobeandmail.com,Male,Account Coordinator
861,Natty,Diable,ndiablenw@virginia.edu,Male,Nuclear Power Engineer
862,Amata,Kitchingham,akitchinghamnx@msu.edu,Female,Assistant Professor
863,Nonnah,Soro,nsorony@pbs.org,Genderfluid,Help Desk Operator
864,Arluene,Clunan,aclunannz@mysql.com,Female,Marketing Manager
865,Lenee,Landers,llanderso0@icio.us,Male,Human Resources Assistant III
866,Flinn,Fraine,ffraineo1@parallels.com,Male,Health Coach III
867,Melinda,Le Barr,mlebarro2@mail.ru,Female,Accounting Assistant II
868,Bailie,Phorsby,bphorsbyo3@spotify.com,Male,Operator
869,Massimiliano,Fitchett,mfitchetto4@thetimes.co.uk,Female,Human Resources Assistant IV
870,Benedetta,Crisford,bcrisfordo5@engadget.com,Female,Environmental Specialist
871,Donnajean,Valiant,dvalianto6@fc2.com,Male,Quality Engineer
872,Mandi,Dumphry,mdumphryo7@usatoday.com,Male,Structural Analysis Engineer
873,Petronia,Nolder,pnoldero8@toplist.cz,Male,Human Resources Assistant II
874,Giacobo,Dilon,gdilono9@time.com,Male,Office Assistant III
875,Tobye,Pymer,tpymeroa@bloomberg.com,Female,Accountant I
876,Burke,Avo,bavoob@mac.com,Female,Budget/Accounting Analyst III
877,Blondie,Edden,beddenoc@irs.gov,Polygender,Assistant Media Planner
878,Goldarina,Lening,gleningod@time.com,Female,VP Product Management
879,Carla,Flindall,cflindalloe@nytimes.com,Female,Analyst Programmer
880,Karel,Driver,kdriverof@plala.or.jp,Male,Community Outreach Specialist
881,Lorne,Petkovic,lpetkovicog@mediafire.com,Male,Senior Financial Analyst
882,Delbert,Bointon,dbointonoh@globo.com,Male,Tax Accountant
883,Mady,Ertel,merteloi@shareasale.com,Female,Programmer Analyst II
884,Zaria,Callender,zcallenderoj@vistaprint.com,Male,Biostatistician IV
885,Broderick,Thiese,bthieseok@shinystat.com,Female,VP Sales
886,Joanne,Swanbourne,jswanbourneol@123-reg.co.uk,Female,General Manager
887,Obed,Stonhewer,ostonhewerom@last.fm,Male,Account Representative II
888,Greggory,Toffler,gtoffleron@twitpic.com,Male,Research Assistant III
889,Diego,Padgham,dpadghamoo@dailymail.co.uk,Female,Dental Hygienist
890,Pearl,Chitham,pchithamop@globo.com,Female,Staff Accountant IV
891,Rafaellle,Bunny,rbunnyoq@biblegateway.com,Female,Research Associate
892,Drucill,Savatier,dsavatieror@fastcompany.com,Bigender,Junior Executive
893,Freddie,Earp,fearpos@buzzfeed.com,Male,Biostatistician IV
894,Eugen,Jagiela,ejagielaot@theatlantic.com,Bigender,Actuary
895,Frances,Varndell,fvarndellou@nytimes.com,Female,Librarian
896,Tina,Steinson,tsteinsonov@who.int,Male,Design Engineer
897,Stuart,Guillon,sguillonow@scientificamerican.com,Female,Account Representative III
898,Brittan,Evenett,bevenettox@hibu.com,Female,General Manager
899,Hugo,Wodham,hwodhamoy@icio.us,Male,Staff Scientist
900,Shayla,Jenk,sjenkoz@usda.gov,Female,Engineer III
901,Kirbie,Ormes,kormesp0@cbslocal.com,Male,Paralegal
902,Dona,Fowler,dfowlerp1@nationalgeographic.com,Male,Librarian
903,Mark,Pollendine,mpollendinep2@chicagotribune.com,Female,Help Desk Operator
904,Reynold,Wiggam,rwiggamp3@mediafire.com,Female,Health Coach III
905,Rip,Platts,rplattsp4@cnet.com,Male,VP Quality Control
906,Clarabelle,Gunn,cgunnp5@nba.com,Non-binary,Assistant Professor
907,Nancy,Goede,ngoedep6@symantec.com,Female,Environmental Tech
908,Winifred,Bergstram,wbergstramp7@cornell.edu,Male,Programmer I
909,Conrade,Ollet,colletp8@diigo.com,Female,Analog Circuit Design manager
910,Laney,Tort,ltortp9@eepurl.com,Non-binary,Assistant Manager
911,Paula,Kivlin,pkivlinpa@nationalgeographic.com,Male,Research Assistant IV
912,Elsinore,Colvie,ecolviepb@unicef.org,Female,Dental Hygienist
913,Bertha,Matthis,bmatthispc@home.pl,Female,Pharmacist
914,Hewet,Knowlman,hknowlmanpd@hubpages.com,Male,Food Chemist
915,Emmy,Ovendon,eovendonpe@dropbox.com,Male,Internal Auditor
916,Michaella,Code,mcodepf@apache.org,Male,General Manager
917,Burlie,Bourget,bbourgetpg@alibaba.com,Male,Junior Executive
918,Hilliary,Duligall,hduligallph@nasa.gov,Female,Database Administrator IV
919,Spense,Gammons,sgammonspi@imgur.com,Male,Geological Engineer
920,Hilary,Bartalin,hbartalinpj@fc2.com,Male,Paralegal
921,Valeria,Colombier,vcolombierpk@w3.org,Non-binary,Nurse
922,Teodoor,Rushbrooke,trushbrookepl@nba.com,Female,Health Coach IV
923,Berrie,Paulley,bpaulleypm@geocities.com,Female,Business Systems Development Analyst
924,Guglielmo,Arntzen,garntzenpn@fc2.com,Male,VP Marketing
925,Benedicto,Scotson,bscotsonpo@phpbb.com,Male,Compensation Analyst
926,Darn,Cristofolini,dcristofolinipp@blinklist.com,Male,Operator
927,Inglebert,Glendining,iglendiningpq@stanford.edu,Male,Electrical Engineer
928,Claudette,Jenner,cjennerpr@ucoz.com,Female,Chief Design Engineer
929,Dorelia,Ivashintsov,divashintsovps@cpanel.net,Male,Structural Analysis Engineer
930,Ado,McBratney,amcbratneypt@alibaba.com,Female,Engineer IV
931,Alfonso,Hazael,ahazaelpu@flavors.me,Female,Staff Scientist
932,Huey,Baudet,hbaudetpv@github.com,Female,Analog Circuit Design manager
933,Nettle,Markham,nmarkhampw@livejournal.com,Male,Systems Administrator III
934,Colan,Pearde,cpeardepx@comsenz.com,Male,Computer Systems Analyst II
935,Cly,Keast,ckeastpy@gizmodo.com,Polygender,Community Outreach Specialist
936,Liz,Wilman,lwilmanpz@adobe.com,Male,Financial Analyst
937,Dorotea,Blowen,dblowenq0@goo.ne.jp,Male,Sales Associate
938,Ermengarde,Sterte,esterteq1@mashable.com,Male,Automation Specialist III
939,Sharon,Linnard,slinnardq2@g.co,Female,Database Administrator I
940,Saleem,Jurgensen,sjurgensenq3@list-manage.com,Female,Quality Engineer
941,Mavra,Fidge,mfidgeq4@jugem.jp,Female,VP Sales
942,Fredrika,Petrolli,fpetrolliq5@ihg.com,Female,Recruiter
943,Merna,Sancias,msanciasq6@china.com.cn,Female,Account Representative IV
944,Doloritas,Goodlake,dgoodlakeq7@comsenz.com,Male,Senior Financial Analyst
945,Maryrose,Abels,mabelsq8@senate.gov,Female,Teacher
946,Lyn,Prophet,lprophetq9@domainmarket.com,Female,Payment Adjustment Coordinator
947,Austina,Stanlick,astanlickqa@opera.com,Female,Quality Engineer
948,Ellary,Issit,eissitqb@bluehost.com,Female,Assistant Professor
949,Wandis,Philippson,wphilippsonqc@utexas.edu,Male,Programmer Analyst II
950,Daisy,Yushkin,dyushkinqd@senate.gov,Female,Director of Sales
951,Dacey,Dibb,ddibbqe@indiatimes.com,Male,Mechanical Systems Engineer
952,Royal,Giacomini,rgiacominiqf@europa.eu,Female,Senior Financial Analyst
953,Sheila-kathryn,Ockenden,sockendenqg@cyberchimps.com,Female,Nuclear Power Engineer
954,Joletta,Dabels,jdabelsqh@usnews.com,Male,Pharmacist
955,Shadow,Gheraldi,sgheraldiqi@bigcartel.com,Male,Analog Circuit Design manager
956,Tony,Illem,tillemqj@yelp.com,Male,Associate Professor
957,Grove,Dowers,gdowersqk@lycos.com,Male,Safety Technician I
958,Kathleen,Ganter,kganterql@sakura.ne.jp,Female,Executive Secretary
959,Deloria,Ogelbe,dogelbeqm@mtv.com,Female,Editor
960,Addi,Beaument,abeaumentqn@wordpress.org,Male,Software Engineer IV
961,Irena,Ollivier,iollivierqo@ucla.edu,Male,Quality Engineer
962,Nanny,Sollime,nsollimeqp@surveymonkey.com,Male,Senior Quality Engineer
963,Tory,Giacomini,tgiacominiqq@goo.ne.jp,Female,Project Manager
964,Loree,McMackin,lmcmackinqr@odnoklassniki.ru,Genderqueer,Senior Developer
965,Linzy,Twelves,ltwelvesqs@163.com,Male,Chemical Engineer
966,Marline,Crosier,mcrosierqt@chron.com,Male,Structural Engineer
967,Maridel,Daulton,mdaultonqu@paginegialle.it,Female,Payment Adjustment Coordinator
968,Rosie,Kleinhausen,rkleinhausenqv@icio.us,Male,Environmental Specialist
969,Benn,Leigh,bleighqw@mysql.com,Male,Software Engineer I
970,Lucila,Crompton,lcromptonqx@furl.net,Female,Sales Associate
971,Torey,Muirden,tmuirdenqy@nymag.com,Female,Technical Writer
972,Alvina,Line,alineqz@chronoengine.com,Male,Statistician III
973,Elyn,Guymer,eguymerr0@craigslist.org,Male,Senior Cost Accountant
974,Tremayne,Stokell,tstokellr1@whitehouse.gov,Female,Cost Accountant
975,Inessa,Glencrash,iglencrashr2@npr.org,Male,Staff Scientist
976,Philippine,Anslow,panslowr3@sina.com.cn,Male,Health Coach II
977,Deeyn,Kenney,dkenneyr4@gov.uk,Female,Mechanical Systems Engineer
978,Micheil,Gronav,mgronavr5@youtu.be,Female,Design Engineer
979,Manda,Yellowlea,myellowlear6@usda.gov,Male,Nurse Practicioner
980,Ulla,Godier,ugodierr7@fc2.com,Female,Assistant Professor
981,Ricky,McDonand,rmcdonandr8@theglobeandmail.com,Agender,Environmental Tech
982,Mella,Lorand,mlorandr9@bing.com,Male,Marketing Assistant
983,Moria,Joffe,mjoffera@pen.io,Male,Recruiting Manager
984,Viva,Blaxlande,vblaxlanderb@dailymotion.com,Female,Product Engineer
985,Enrichetta,Keyse,ekeyserc@irs.gov,Agender,Engineer I
986,Chuck,Sparkes,csparkesrd@jugem.jp,Agender,Food Chemist
987,Aldrich,Ilyunin,ailyuninre@prweb.com,Male,VP Marketing
988,Duff,Malmar,dmalmarrf@timesonline.co.uk,Agender,Actuary
989,Darsey,Munday,dmundayrg@ovh.net,Female,Senior Developer
990,Bridie,O'Luney,boluneyrh@columbia.edu,Female,Environmental Tech
991,Raphael,Friedlos,rfriedlosri@spotify.com,Male,Social Worker
992,Arabelle,Chitham,achithamrj@tinypic.com,Male,Technical Writer
993,Lionello,Eary,learyrk@usda.gov,Male,Recruiting Manager
994,Chloette,Yokel,cyokelrl@bloglovin.com,Female,Junior Executive
995,Pennie,McEttigen,pmcettigenrm@upenn.edu,Male,Executive Secretary
996,Kara,Lowery,kloweryrn@bandcamp.com,Female,Speech Pathologist
997,Meyer,Arnald,marnaldro@merriam-webster.com,Female,Design Engineer
998,Whitney,Ayrton,wayrtonrp@sitemeter.com,Male,Mechanical Systems Engineer
999,Lise,Stothart,lstothartrq@tripod.com,Male,Speech Pathologist
1000,Ancell,Gibbe,agibberr@adobe.com,Male,Financial Analyst
